property_title,image_caption,image_url
JP North,Images for Cluster Plan of JP North,https://is1-2.housingcdn.com/012c1500/0c8ea841d999bc2e01b9311fce69f17c/v0/version.jpeg
JP North,Images for Cluster Plan of JP North,https://is1-3.housingcdn.com/012c1500/1456759536b2042a7b3dd0ac872dcc97/v0/version.jpeg
JP North,Images for Cluster Plan of JP North,https://is1-3.housingcdn.com/012c1500/f9982ca51563f772ad51db99b87acb76/v0/version.jpeg
Shubh Ashish,Wing C Cluster Plan,https://is1-3.housingcdn.com/012c1500/4652555e1b4b362f2c9f5354f186b701/v0/version.jpeg
Shubh Ashish,Wing B Cluster Plan,https://is1-3.housingcdn.com/012c1500/aff67196b0da88cd3c75382ff7818064/v0/version.jpeg
Shubh Ashish,Wing A Cluster Plan,https://is1-2.housingcdn.com/012c1500/d389dd41474ecd0554f1e7b2dece7733/v0/version.jpeg
Sanghvi S3 Ecocity Woods,Woods A Cluster Plan,https://is1-3.housingcdn.com/012c1500/6f2d5825df9a15e490eb432bffc72ff7/v0/version.jpeg
Sanghvi S3 Ecocity Woods,Images for Cluster Plan of Sanghvi Sanghvi S3 Ecocity Woods,https://is1-2.housingcdn.com/012c1500/8d28da5c551ad1237dc54025ee245cc8/v2/version.jpeg
Prithvi Pride Phase I,Prithvi Pride Phase I Cluster Plan from 2nd to 17th Floor,https://is1-2.housingcdn.com/012c1500/54737fd93d1545985005f0f371e2a4c8/v0/version.jpeg
Prithvi Pride Phase I,Images for clusterPlan,https://is1-3.housingcdn.com/012c1500/9c93d81668c447dca09bb32447ca450d/v0/version.jpeg
PNK Tiara Hills Phase I Bldg No 3 5 And 2,TIARA HILLS BLDG NO 5 Cluster Plan,https://is1-2.housingcdn.com/012c1500/6f9bec141358973f6a5a5cb1f63b1637/v0/version.jpeg
PNK Tiara Hills Phase I Bldg No 3 5 And 2,Images for Cluster Plan of PNK Space Tiara Hills Phase I Bldg No 3 5 And 2,https://is1-3.housingcdn.com/012c1500/7023fef71701455ebd6fd3df3a1b5631/v0/version.png
PNK Tiara Hills Phase I Bldg No 3 5 And 2,Images for Cluster Plan of PNK Space Tiara Hills Phase I Bldg No 3 5 And 2,https://is1-3.housingcdn.com/012c1500/c81032d03d2a6154d99a9a9844d8c188/v0/version.png
Janki Legacy,Janki Legacy Cluster Plan For Ground Floor,https://is1-3.housingcdn.com/012c1500/473a293cfee0c5f8d4ba184bb42d03a3/v0/version.jpeg
Janki Legacy,Janki Legacy Cluster Plan From 2nd To 5th Floor,https://is1-3.housingcdn.com/012c1500/5e2cd125d29610494abadc9f2687561f/v0/version.jpeg
Janki Legacy,"Janki Legacy Cluster Plan From 6th To 7th, 9th & 10th Floor",https://is1-2.housingcdn.com/012c1500/7dde2cf435f1905d9e50f5272ce13fa0/v0/version.jpeg
Janki Legacy,Janki Legacy Cluster Plan For 1st Floor,https://is1-3.housingcdn.com/012c1500/cb73dc6cfeb5dbb38a11071f6130084f/v0/version.jpeg
Kalptaru Srishti Namah,Tower 3 Cluster Plan,https://is1-3.housingcdn.com/012c1500/38883daeeef2c0d747165e7a258ce923/v0/version.jpeg
Kalptaru Srishti Namah,Tower 10 Cluster Plan,https://is1-2.housingcdn.com/012c1500/3914a451cab99085dec2655ab0d79327/v0/version.jpeg
Kalptaru Srishti Namah,Tower 15 Cluster Plan,https://is1-3.housingcdn.com/012c1500/afc57ed2efe9d91db84b7c6e83f380b0/v0/version.jpeg
Kalptaru Srishti Namah,Tower 1 Cluster Plan,https://is1-3.housingcdn.com/012c1500/d3a7c1c2a0c7e9995915846bd27bd652/v0/version.jpeg
Kalptaru Srishti Namah,Tower 10 Cluster Plan,https://is1-2.housingcdn.com/012c1500/d453c4fc4a4d784d3b7cc39cc0c67d0f/v0/version.jpeg
Kalptaru Srishti Namah,Tower 10 Cluster Plan,https://is1-3.housingcdn.com/012c1500/f2abf1477ad730a2003cb13339f03a0d/v0/version.jpeg
Kalptaru Srishti Namah,Tower 2 Cluster Plan,https://is1-3.housingcdn.com/012c1500/f77459c4ce0048f312a4f662dc1444c2/v0/version.jpeg
Kalptaru Srishti Namah,Tower 16 Cluster Plan,https://is1-3.housingcdn.com/012c1500/f7e4e79923ac3efe5fa66e83b1407ded/v0/version.jpeg
Unique Estate Wing E,Estate Wing E Cluster Plan from 1st to 49th Floor,https://is1-2.housingcdn.com/012c1500/86083bbcd06f1e940471c2d9e2e6ecf7/v0/version.jpeg
Unique Estate Wing E,Estate Wing E Cluster Plan,https://is1-3.housingcdn.com/012c1500/ffdc5ef4bc578a72e25ddcf45afaea90/v0/version.jpeg
Origin Wisteria Square,Cluster Plan,https://is1-2.housingcdn.com/012c1500/43580ee3373539543e6f1007d4adb2ad/v0/version.jpeg
Raj Heritage 2,Bldg No 2 Cluster Plan For Typical Floor Plan,https://is1-2.housingcdn.com/012c1500/767da4c83349130972c6abc2df17450a/v0/version.jpeg
Pramanik Walchand Paradise,Walchand Paradise Building No 1 Cluster Plan from 1st to 17th Floor,https://is1-2.housingcdn.com/012c1500/08bc3f0da634f22f763210c56275398c/v0/version.jpeg
JK Iris A B And K Phase III,Cluster Plan,https://is1-3.housingcdn.com/012c1500/55a96784256149c9450013ee00e4e639/v0/version.jpeg
JK Iris A B And K Phase III,Cluster Plan,https://is1-3.housingcdn.com/012c1500/d522fe5e96fcc9ea6026a74d43194347/v0/version.jpeg
Salasar Courtyard,Block A Cluster Plan,https://is1-3.housingcdn.com/012c1500/5a17da7a7cb77f47f6c4da418653e9f2/v0/version.jpeg
HCS Horizon,D Wing Cluster Plan,https://is1-3.housingcdn.com/012c1500/048ee289a03c428350ea681225abc97e/v0/version.jpeg
HCS Horizon,"A, B, C, D Wing Cluster Plan For 22nd Floor",https://is1-3.housingcdn.com/012c1500/39c4ae40010612fce327755df156993d/v0/version.jpeg
HCS Horizon,B Wing Cluster Plan,https://is1-2.housingcdn.com/012c1500/6bd3cc4787c599b49b61a07d0b381e6f/v0/version.jpeg
HCS Horizon,C Wing Cluster Plan,https://is1-2.housingcdn.com/012c1500/e6b13debc166646d195382369b2c24b1/v0/version.jpeg
HCS Horizon,"A, B, C, D Typical Wing Cluster Plan",https://is1-2.housingcdn.com/012c1500/fa5fe6082bb1fdbc30c36d998f991fbe/v0/version.jpeg
Siddhivinayak Kasturi Blossom,Kasturi Blossom Cluster Plan,https://is1-3.housingcdn.com/012c1500/6ab53fb54cc119682d0d81c0d7cd592f/v0/version.jpeg
Sunteck Sky Park,Tower 2 Cluster Plan,https://is1-3.housingcdn.com/012c1500/070fdd3cdefff8f7f069e2fa87f5c743/v0/version.png
Sunteck Sky Park,Tower 1 Cluster Plan,https://is1-3.housingcdn.com/012c1500/2701270ee0136847c6629ed4bf0776bb/v0/version.png
Sunteck Sky Park,Tower 1 Cluster Plan,https://is1-3.housingcdn.com/012c1500/7e256b6964786323e42728c07d29c222/v0/version.png
Sunteck Sky Park,Tower 2 Cluster Plan,https://is1-2.housingcdn.com/012c1500/95b939d03b62d9b7287e24f5498e7d33/v0/version.png
Sunteck Sky Park,Tower 3 Cluster Plan,https://is1-2.housingcdn.com/012c1500/ab14fb9ba4af85ef7a2583433e6b10f7/v0/version.png
Sunteck Sky Park,Tower 2 Cluster Plan,https://is1-2.housingcdn.com/012c1500/cf9e8a5cd29040004da1876ae38591db/v0/version.png
Sunteck Sky Park,Tower 1 Cluster Plan,https://is1-2.housingcdn.com/012c1500/dcd60e8d77af2e1a25005d9b8ffe2983/v0/version.png
Sunteck Sky Park,Tower 3 Cluster Plan,https://is1-3.housingcdn.com/012c1500/fe86eada04e8b7891ec3885305115989/v0/version.png
Sunteck Sky Park,Tower 3 Cluster Plan,https://is1-3.housingcdn.com/012c1500/fff30ffa0988e12d594400f2f211795a/v0/version.png
Unique Shubharambh,Type A Cluster Plan,https://is1-2.housingcdn.com/012c1500/82a6e304fec1ecb9df6c0ea8fe6c80b2/v0/version.jpeg
Unique Shubharambh,Type A Cluster Plan,https://is1-3.housingcdn.com/012c1500/99cad9265a4e8f1cd4027d90e6196d20/v0/version.jpeg
Vihang Atharva,Wing D Cluster Plan 1st Floor,https://is1-3.housingcdn.com/012c1500/1479e9b7170118a1ab4fb8005eb26c67/v0/version.jpeg
Vihang Atharva,Wing B Cluster Plan 1st Floor,https://is1-2.housingcdn.com/012c1500/38b9abb8fb0949e1e4761a1b306a1c08/v0/version.jpeg
Vihang Atharva,Wing D Cluster Plan Ground Floor,https://is1-3.housingcdn.com/012c1500/3cd32055c2cb767a088846f80a024091/v0/version.jpeg
Vihang Atharva,Wing C Cluster Plan Ground Floor,https://is1-3.housingcdn.com/012c1500/4422a40e2f73fa51d2a3ef47d0c9d013/v0/version.jpeg
Vihang Atharva,Wing C Cluster Plan Terrace,https://is1-2.housingcdn.com/012c1500/645145c5db74038afaae7943d33c5538/v0/version.jpeg
Vihang Atharva,Wing B Cluster Plan Terrace,https://is1-3.housingcdn.com/012c1500/7810fc3e042ae8da2fec322956d2af70/v0/version.jpeg
Vihang Atharva,Wing D Cluster Plan Terrace,https://is1-3.housingcdn.com/012c1500/86f38f37c499c8ccd3c7ff1ef8d32ad5/v0/version.jpeg
Vihang Atharva,Wing C Cluster Plan 1st Floor,https://is1-3.housingcdn.com/012c1500/b119c8a300d0629da248e7cf6b92045d/v0/version.jpeg
Vihang Atharva,Wing B Cluster Plan Ground Floor,https://is1-3.housingcdn.com/012c1500/b8561e2670e339099bd0744d1a967bdf/v0/version.jpeg
Vihang Atharva,Wing D Cluster Plan from 2nd to 23th Floor,https://is1-3.housingcdn.com/012c1500/f78809e5c1e44235b218198207c4ad00/v0/version.jpeg
Arihant Balaji Serenity,Balaji Serenity Cluster Plan,https://is1-2.housingcdn.com/012c1500/08547e455faf97e8fe2f329bda1d77aa/v0/version.jpeg
Arihant Balaji Serenity,Balaji Serenity Cluster Plan,https://is1-3.housingcdn.com/012c1500/84a7a7f132746347daef076f62e95afa/v0/version.jpeg
Arihant Balaji Serenity,Balaji Serenity Cluster Plan,https://is1-2.housingcdn.com/012c1500/8588d1753e7228827fd6e70cf528b723/v0/version.jpeg
Raj Legacy Satyam A and B,A (Building 2) Cluster Plan,https://is1-2.housingcdn.com/012c1500/1b20e9dfc9a00646d0c858c9361e5895/v0/version.jpeg
Raj Legacy Satyam A and B,A (Building 3) Cluster Plan,https://is1-2.housingcdn.com/012c1500/46cd9d6980b486a162b10fb7c7949df9/v0/version.jpeg
Raj Legacy Satyam A and B,A (Building 2) Cluster Plan,https://is1-3.housingcdn.com/012c1500/54e57ddc2c8295fe81ec656106f43c9b/v0/version.jpeg
Unique Estate Wing E,Estate Wing E Cluster Plan from 1st to 49th Floor,https://is1-2.housingcdn.com/012c1500/86083bbcd06f1e940471c2d9e2e6ecf7/v0/version.jpeg
Unique Estate Wing E,Estate Wing E Cluster Plan,https://is1-3.housingcdn.com/012c1500/ffdc5ef4bc578a72e25ddcf45afaea90/v0/version.jpeg
Siddhivinayak Kasturi Blossom,Kasturi Blossom Cluster Plan,https://is1-3.housingcdn.com/012c1500/6ab53fb54cc119682d0d81c0d7cd592f/v0/version.jpeg
Sunteck Sky Park,Tower 2 Cluster Plan,https://is1-3.housingcdn.com/012c1500/070fdd3cdefff8f7f069e2fa87f5c743/v0/version.png
Sunteck Sky Park,Tower 1 Cluster Plan,https://is1-3.housingcdn.com/012c1500/2701270ee0136847c6629ed4bf0776bb/v0/version.png
Sunteck Sky Park,Tower 1 Cluster Plan,https://is1-3.housingcdn.com/012c1500/7e256b6964786323e42728c07d29c222/v0/version.png
Sunteck Sky Park,Tower 2 Cluster Plan,https://is1-2.housingcdn.com/012c1500/95b939d03b62d9b7287e24f5498e7d33/v0/version.png
Sunteck Sky Park,Tower 3 Cluster Plan,https://is1-2.housingcdn.com/012c1500/ab14fb9ba4af85ef7a2583433e6b10f7/v0/version.png
Sunteck Sky Park,Tower 2 Cluster Plan,https://is1-2.housingcdn.com/012c1500/cf9e8a5cd29040004da1876ae38591db/v0/version.png
Sunteck Sky Park,Tower 1 Cluster Plan,https://is1-2.housingcdn.com/012c1500/dcd60e8d77af2e1a25005d9b8ffe2983/v0/version.png
Sunteck Sky Park,Tower 3 Cluster Plan,https://is1-3.housingcdn.com/012c1500/fe86eada04e8b7891ec3885305115989/v0/version.png
Sunteck Sky Park,Tower 3 Cluster Plan,https://is1-3.housingcdn.com/012c1500/fff30ffa0988e12d594400f2f211795a/v0/version.png
Unique Shubharambh,Type A Cluster Plan,https://is1-2.housingcdn.com/012c1500/82a6e304fec1ecb9df6c0ea8fe6c80b2/v0/version.jpeg
Unique Shubharambh,Type A Cluster Plan,https://is1-3.housingcdn.com/012c1500/99cad9265a4e8f1cd4027d90e6196d20/v0/version.jpeg
Arihant Balaji Serenity,Balaji Serenity Cluster Plan,https://is1-2.housingcdn.com/012c1500/08547e455faf97e8fe2f329bda1d77aa/v0/version.jpeg
Arihant Balaji Serenity,Balaji Serenity Cluster Plan,https://is1-3.housingcdn.com/012c1500/84a7a7f132746347daef076f62e95afa/v0/version.jpeg
Arihant Balaji Serenity,Balaji Serenity Cluster Plan,https://is1-2.housingcdn.com/012c1500/8588d1753e7228827fd6e70cf528b723/v0/version.jpeg
1 BHK Flat,Cluster Plan,https://is1-3.housingcdn.com/012c1500/01e060df7c756b65cc4630e08b20e469/v0/version.jpeg
1 BHK Flat,Cluster Plan,https://is1-2.housingcdn.com/012c1500/04a87d5390bc55f60dccf164e67fb845/v0/version.jpeg
1 BHK Flat,Cluster Plan,https://is1-3.housingcdn.com/012c1500/62e29e4c666b5bf2ef59d128209e8318/v0/version.jpeg
1 BHK Flat,Cluster Plan,https://is1-3.housingcdn.com/012c1500/9223df372fe89887df00343be3d3696f/v0/version.jpeg
2 BHK Flat,Cluster Plan,https://is1-2.housingcdn.com/012c1500/39993315e1b6db098b36c56c01205830/v0/version.jpeg
1 BHK Flat,Cluster Plan,https://is1-3.housingcdn.com/012c1500/67c6d739ee25c78ec8ac1473bcfc6fe5/v0/version.jpeg
1 BHK Flat,Cluster Plan,https://is1-2.housingcdn.com/012c1500/bf13eb41a0629a32cc8394627962f61e/v0/version.jpeg
3 BHK Flat,Cluster Plan,https://is1-3.housingcdn.com/012c1500/070fdd3cdefff8f7f069e2fa87f5c743/v0/version.png
3 BHK Flat,Cluster Plan,https://is1-3.housingcdn.com/012c1500/2701270ee0136847c6629ed4bf0776bb/v0/version.png
3 BHK Flat,Cluster Plan,https://is1-3.housingcdn.com/012c1500/7e256b6964786323e42728c07d29c222/v0/version.png
3 BHK Flat,Cluster Plan,https://is1-2.housingcdn.com/012c1500/95b939d03b62d9b7287e24f5498e7d33/v0/version.png
3 BHK Flat,Cluster Plan,https://is1-2.housingcdn.com/012c1500/ab14fb9ba4af85ef7a2583433e6b10f7/v0/version.png
3 BHK Flat,Cluster Plan,https://is1-2.housingcdn.com/012c1500/cf9e8a5cd29040004da1876ae38591db/v0/version.png
3 BHK Flat,Cluster Plan,https://is1-3.housingcdn.com/012c1500/070fdd3cdefff8f7f069e2fa87f5c743/v0/version.png
3 BHK Flat,Cluster Plan,https://is1-3.housingcdn.com/012c1500/2701270ee0136847c6629ed4bf0776bb/v0/version.png
3 BHK Flat,Cluster Plan,https://is1-3.housingcdn.com/012c1500/7e256b6964786323e42728c07d29c222/v0/version.png
3 BHK Flat,Cluster Plan,https://is1-2.housingcdn.com/012c1500/95b939d03b62d9b7287e24f5498e7d33/v0/version.png
3 BHK Flat,Cluster Plan,https://is1-2.housingcdn.com/012c1500/ab14fb9ba4af85ef7a2583433e6b10f7/v0/version.png
3 BHK Flat,Cluster Plan,https://is1-2.housingcdn.com/012c1500/cf9e8a5cd29040004da1876ae38591db/v0/version.png
2 BHK Flat,Cluster Plan,https://is1-3.housingcdn.com/012c1500/070fdd3cdefff8f7f069e2fa87f5c743/v0/version.png
2 BHK Flat,Cluster Plan,https://is1-3.housingcdn.com/012c1500/2701270ee0136847c6629ed4bf0776bb/v0/version.png
2 BHK Flat,Cluster Plan,https://is1-3.housingcdn.com/012c1500/7e256b6964786323e42728c07d29c222/v0/version.png
2 BHK Flat,Cluster Plan,https://is1-2.housingcdn.com/012c1500/95b939d03b62d9b7287e24f5498e7d33/v0/version.png
2 BHK Flat,Cluster Plan,https://is1-2.housingcdn.com/012c1500/ab14fb9ba4af85ef7a2583433e6b10f7/v0/version.png
2 BHK Flat,Cluster Plan,https://is1-2.housingcdn.com/012c1500/cf9e8a5cd29040004da1876ae38591db/v0/version.png
1 BHK Flat,Cluster Plan,https://is1-3.housingcdn.com/012c1500/4826da67cf06ec5dc0ba60d1c715b013/v0/version.jpeg
1 BHK Flat,Cluster Plan,https://is1-2.housingcdn.com/012c1500/db726069b2be97938d16a19428e03dba/v0/version.jpeg
1 BHK Flat,Cluster Plan,https://is1-2.housingcdn.com/012c1500/f403ad751fc72c7afced5ba3c67bd9b0/v0/version.jpeg
2 BHK Flat,Cluster Plan,https://is1-2.housingcdn.com/012c1500/08bc3f0da634f22f763210c56275398c/v0/version.jpeg
2 BHK Flat,Cluster Plan,https://is1-2.housingcdn.com/012c1500/08bc3f0da634f22f763210c56275398c/v0/version.jpeg
3 BHK Flat,Cluster Plan,https://is1-2.housingcdn.com/012c1500/1b20e9dfc9a00646d0c858c9361e5895/v0/version.jpeg
3 BHK Flat,Cluster Plan,https://is1-2.housingcdn.com/012c1500/46cd9d6980b486a162b10fb7c7949df9/v0/version.jpeg
3 BHK Flat,Cluster Plan,https://is1-3.housingcdn.com/012c1500/54e57ddc2c8295fe81ec656106f43c9b/v0/version.jpeg
3 BHK Flat,Cluster Plan,https://is1-2.housingcdn.com/012c1500/1b20e9dfc9a00646d0c858c9361e5895/v0/version.jpeg
3 BHK Flat,Cluster Plan,https://is1-2.housingcdn.com/012c1500/46cd9d6980b486a162b10fb7c7949df9/v0/version.jpeg
3 BHK Flat,Cluster Plan,https://is1-3.housingcdn.com/012c1500/54e57ddc2c8295fe81ec656106f43c9b/v0/version.jpeg
1 BHK Flat,Cluster Plan,https://is1-2.housingcdn.com/012c1500/1b20e9dfc9a00646d0c858c9361e5895/v0/version.jpeg
1 BHK Flat,Cluster Plan,https://is1-2.housingcdn.com/012c1500/46cd9d6980b486a162b10fb7c7949df9/v0/version.jpeg
1 BHK Flat,Cluster Plan,https://is1-3.housingcdn.com/012c1500/54e57ddc2c8295fe81ec656106f43c9b/v0/version.jpeg
